Компания,Приоритет,Порядок,Группа,Страна,Сайт,Где искать,Что делает,Почему интересна,Статус,Размер,Есть ли дизайнер,Язык команды,Состояние интерфейса,Контакт,Дата письма,Заметки
TrustExam.ai,1 — первая восьмёрка,1,D · EdTech,Казахстан,https://trustexam.ai,,"Прокторинг экзаменов: идентификация, мониторинг, аналитика результатов",Самый острый вход по доступности во всём списке. Теоретические экзамены на права для госоргана — 500 000 человек в год — и заход в Великобританию через Driving Instructors Association,Проверяю,"40 организаций-клиентов (60% КЗ, 40% за рубежом), 2+ млн пользователей",Не проверено,"Русский в ядре, английский для UK",,"Ерсултан Ерманов (CSO, даёт интервью — самый доступный), Эдуард Заукарнаев. Основано в 2018",,"Локально известны как Oqylyq.kz. Акселератор StartX при Стэнфорде. ДВА АРГУМЕНТА, КОТОРЫХ НЕТ БОЛЬШЕ НИ У КОГО: 1) госсектор Великобритании обязан соответствовать WCAG 2.2 AA по Public Sector Bodies Accessibility Regulations — это условие допуска на рынок; 2) ИИ-прокторинг — известная точка дискриминации: системы помечают как нарушителей тех, кто двигается нетипично или пользуется скринридером. За это судятся. РИСК: StartX значит деньги и амбиции, дизайнер вполне может быть"
DOQ.kz,1 — первая восьмёрка,2,A · Медтех,Казахстан,https://doq.kz,,Поиск врачей и запись на приём. Кабинеты врача и клиники,"Работают в Венгрии и Румынии — это ЕС, значит European Accessibility Act. Плюс кабинеты 400 клиник и 3000 врачей: это не витрина, а внутренняя система",Проверяю,"400+ частных клиник и 3000 врачей только в Казахстане, 340 000+ отзывов. Пять стран",Не проверено,Русский (Астана),,Айдар Арынгазин — основатель. Много интервью в Forbes.kz и digitalbusiness.kz,,"ПРОВЕРЕНО 17.09.2026 — компания намного крупнее, чем было в списке. Больше $1 млн привлечённых: $660 000 бридж-раунд от MOST Ventures и других, плюс $500 000 seed от дубайского Almak Capital на Стамбул. Пять стран: Казахстан, Кыргызстан (под брендом odoctor.kg), Венгрия, Румыния, ОАЭ. В планах Турция и Испания — ещё одна страна ЕС"
HeRo Study,1 — первая восьмёрка,3,D · EdTech,Казахстан,https://hero.study,,"SaaS для цифровой трансформации университетов: приёмная комиссия, офис регистратора, расписания, экзамены, посещаемость, автоотчёты в МОН, HR-модуль","Точное попадание в нишу при правильном размере компании: деньги есть, но не такие, чтобы держать дизайн-команду",Не проверена,"20 клиентов, из них 15 вузов. 70 000 пользователей. Есть страница компании в LinkedIn: kz.linkedin.com/company/hero-study",Не проверено,Русский (Алматы),,Имён в прессе не нашлось — искать через LinkedIn компании и карточку резидента Astana Hub,,"Юрлицо — ТОО HERO STUDY KZ, Алматы, БИН 160840027983 (регистрация 2016). Резидент Astana Hub. Привлекли $250 000 от Big Sky Capital + $202 000 от частного инвестора; есть также сообщение о $600 000+ от UC Ventures. Цифры в источниках расходятся (есть упоминание $3 млн) — порядок величины: сотни тысяч. Два продукта: HeRo Study Space и HeRo Human Resources. Планы на Азию и США"
SmartHub,1 — первая восьмёрка,4,D · EdTech,Таджикистан,https://smarthub.tj,,"Начинали как маркетплейс онлайн-курсов, перешли на корпоративное обучение","Клиенты во Франции и Великобритании — значит European Accessibility Act и UK-требования касаются их напрямую. Корпоративное обучение — это роли HR, руководителя и сотрудника, и отчётность по каждому",Не проверена,"Выручка $200 000 с начала года, MRR дошёл до $28 000. Команда небольшая",Не проверено,"Русский и таджикский, английский для западных клиентов",,"Лутфулло Тагоев и Суман Абдуманофова — основатели, учились в США и вернулись в Таджикистан",,"САМАЯ БОЛЬШАЯ ПЕРЕОЦЕНКА В СПИСКЕ: в исходном документе записаны как «64+ курса, 4700+ студентов», то есть как очередная витрина курсов. На деле B2B-платформа с реальной выручкой. Клиенты в Узбекистане, Кыргызстане, Казахстане, Франции и Великобритании. Разбор на digitalbusiness.kz от августа 2026 — свежий инфоповод. При MRR $28 000 подряд на 1500 € — адекватный разговор"
Modme,1 — первая восьмёрка,5,D · EdTech,Узбекистан,https://modme.uz,,"CRM плюс LMS для учебных центров: администрирование, посещаемость, оплаты, коммуникация","Маленькая команда при большой клиентской базе — лучший тип соотношения для подрядчика. Роли: администратор, преподаватель, студент, родитель",Не проверена,"Около 550 клиентов, 100 из них в Индонезии. Стартовали вдвоём в 2020",Не проверено,Русский и узбекский. Яндекс-бэкграунд у технического основателя — русский точно рабочий,,"Жахонгир Пулатов (основатель Cambridge Learning Centre — бизнес-сторона) и Руслан Юлдашев (программист, работал в edtech-направлении Яндекса)",,"Запущены в 2020, во время пандемии. Фонд UzVC вошёл за 8% при оценке $1,2 млн — примерно $100 000. Клиенты: учебные центры, автошколы, детские сады, частные школы, онлайн-школы. Вышли на Индонезию. 550 клиентов на команду из двоих — значит интерфейс рос кусками и без системы"
Daribar.kz,1 — первая восьмёрка,6,A · Медтех,Казахстан,https://daribar.kz,,"Сравнение наличия и цен лекарств, заказ и доставка. 100 000+ пользователей","Главное — не витрина, а кабинет аптеки-партнёра (daribar.kz/partnership). 750 аптек ведут там номенклатуру, остатки и заказы. Плюс аудитория покупателей лекарств — пожилые и хронические больные",Не проверена,"750+ партнёрских аптек, 400+ интеграций с 15 разными ERP-системами. Четыре города: Астана, Алматы, Шымкент, Караганда",Не проверено,Русский (Алматы),,"Денис Сермухамедов — основатель, алматинский программист. Основатель-разработчик почти всегда значит отсутствие дизайнера",,"Живой бизнес с выручкой, писали Forbes.kz и digitalbusiness.kz. Грант VK Cloud на инфраструктуру. Доставка дала +25% к заказам. ВХОД: не говорить про сайт для покупателей — говорить про кабинет аптеки. Его видят только партнёры, и именно туда редко доходят руки"
Courstore,1 — первая восьмёрка,7,D · EdTech,Казахстан,https://courstore.com,,"Конструктор онлайн-школ: обучение, продажи, автоматизация, приём оплат из любой страны","Кабинет автора курса — по сути CRM: ученики, оплаты, боты, автоматизация. Основатель сам из цифровой трансформации вуза — понимает, зачем нужна системная работа",Не проверена,"103+ школ и экспертов на платформе, 424+ курса, 16 033 ученика",Не проверено,Русский (Астана),,"Рауан Сыздыков — основатель и CEO, Астана. В EdTech с 2007: преподавал в школах, затем в КБТУ и КазНИТУ, был Chief Digital Transformation Officer в Astana IT University",,"Позиционируются как казахстанский аналог GetCourse. За 2023 — оборот экспертов $1,2 млн, 43 327 проданных курсов. Интеграция с Kaspi и картами, Telegram-боты. Есть раздел прессы на сайте (courstore.com/press) — легко собрать контекст перед письмом. Инвестиций в открытых источниках не нашлось"
Defect AI,1 — первая восьмёрка,8,A · Медтех,Казахстан,https://defect.kz,,Автоматическая проверка медицинской документации на соответствие протоколам,"Чистая админка и отчётность. Выход на рынок США — значит ADA и Section 508 становятся коммерческим риском, а не пожеланием",Проверяю,"Ядро в Казахстане, сотрудники ещё в США, Японии, Великобритании и Германии. Инженеры с опытом в Meta, Google, Microsoft",Не проверено,"Русский в ядре, английский — рабочий для US-направления. Есть англоязычная версия сайта: defect.kz/index-en.html",,"Основатели: Санжар Мырзагалым (сооснователь, даёт комментарии прессе — самый доступный), Куаныш Идрисов, Жарасхан Аман",,"Юрлицо — ТОО Radiogram, резидент Astana Hub. 30+ клиник-клиентов, включая крупнейшие сети. Весной 2026 прошли в StartX при Стэнфорде (с 4-й попытки). ISO 27001 и HIPAA. Сентябрь 2026: разбор на digitalbusiness.kz — тестируют ведущие клиники США. ОСТОРОЖНО: не маленький стартап без денег, дизайнер вполне может быть. Зато и ставка выше 1500 €"
CheckApp,2 — звёздочка,9,A · Медтех,Казахстан,https://checkapp.kz,,"Персонализированные чекапы: анкета, план обследований, консилиум врачей","Логика ветвлений и состояний, кабинет пациента. Основательница не технарь, а человек из ООН и дипломатии — такие обычно понимают ценность доступности без долгих объяснений",Не проверена,Два основателя плюс небольшая команда,Не проверено,Русский и английский,,"Мадина Бижанова (Астана) — есть профиль в LinkedIn, и Алибек Батыров. Бижанова раньше работала в ООН, посольстве Великобритании и швейцарской корпорации",,В 2025 вошли в Astana Hub. Есть приложения в App Store и Google Play. Активный Instagram (checkapp.kz). Фигурируют в startup.kase.kz. Минус: денег в открытых источниках не видно — рассчитывать на маленький пробный объём
CheckDoc,2 — звёздочка,10,A · Медтех,Казахстан,,LinkedIn: checkdockz,"Выездная диагностика, заказ анализов на дом, результаты в личном кабинете на следующий день","Кабинет пациента прямым текстом. Выдача медицинских результатов — классическая точка, где доступность ломается",Не проверена,Небольшая. Есть карточка на Dealroom,Не проверено,Русский,,"Тоты Сматова — основательница, компания создана в декабре 2021",,"Октябрь 2023: pre-seed $250 000 от дубайского фонда Almak Capital, деньги целево на технологию платформы — то есть у них есть бюджет именно на продукт. Основательница найдена по имени, компания маленькая. Всё, что нужно для входа"
Metatesk,2 — звёздочка,,D · EdTech,Азербайджан,https://metatesk.com,,VR/AR-обучение для школ и компаний: виртуальные классы с мультиплеером плюс LMS для учреждений,"В описании прямо значится institutional-grade LMS — то есть есть админка с ролями. Отдельно: доступность в VR — живая нерешённая проблема отрасли. Если интересно зайти туда, где почти никто не умеет — вот оно",Не проверена,,Не проверено,Азербайджанский и английский,,"Gunay Imanzade — основательница. Forbes 30 Under 30 Europe, Президентская молодёжная премия за инновации, Tech Entrepreneur of the Year по версии IDDA Азербайджана",,"В СПИСКЕ БЫЛО «ИСКАТЬ ПО НАЗВАНИЮ», А ЭТО ОДНА ИЗ САМЫХ ЗАМЕТНЫХ КОМПАНИЙ СПИСКА. Сайт metatesk.com. Про них писал ЕБРР — «Metatesk modernises science education». Сюжет на Euronews от 4 сентября 2026 — совсем свежий инфоповод для письма"
Codify LMS,2 — звёздочка,,D · EdTech,Кыргызстан,https://codifylab.com,,"IT-школа для детей 7–17 лет плюс собственная LMS/CRM, которую продают другим школам и вузам","Личный кабинет ученика собирает материалы, домашки, записи, прогресс, оплаты и расписание в одном месте — ровно твой тип задачи. Плюс аудитория дети 7–17 лет, где доступность особенно заметна",Не проверена,"3 филиала в Бишкеке, 9000+ учеников, лицензия Минобразования КР",Не проверено,Русский (Бишкек),,Дина Руслан — основательница. Есть страница компании в LinkedIn (kg.linkedin.com/company/codifylab-academy),,"Запущены в 2019. LMS живёт отдельным продуктом на lms.codifylab.com. По сообщениям, система CRM/LMS оценена более чем в $6 млн — цифра из интервью, проверь при случае. Рейтинг 4.9, есть в 2ГИС, активный Instagram. Писали kaktus.media и the-tech.kz"
Osnova,2 — звёздочка,,D · EdTech,Узбекистан,https://osnovaeducation.uz,,"Карьерная платформа для молодёжи: профориентация, обучение, вакансии",Профориентационные тесты плюс курсы плюс вакансии — три разные логики в одном продукте. Деньги свежие и целево на развитие платформы,Не проверена,"Запущены летом 2024, уже 80 000+ пользователей",Не проверено,Узбекский и русский — обучение ведётся на обоих,,"Сооснователи: Алишер Жуманиязов, Камила Узакова, Антон Чехов. Раньше владели Alpha — шли из зрелого бизнеса в стартап",,"Октябрь 2025: seed $100 000 от UC Ventures (тот же фонд, что вошёл в HeRo Study). Деньги пойдут на новые направления, ИИ в обучении и масштабирование платформы. Писали Spot.uz и the-tech.kz. Молодая компания с только что полученными деньгами на продукт — хороший момент для письма"
Mugalim AI,2 — звёздочка,,D · EdTech,Кыргызстан,https://mugalim.ai,,"Помощник учителя: планы уроков, тесты, задания. Автоматизация работы школ","Автоматизируют работу школ и учителей, а не просто продают курсы. Социальный фокус у основательницы заявлен прямо — делать образование доступнее. Твой аргумент туда ложится без перевода",Не проверена,,Не проверено,Русский и кыргызский,,"Айсулуу Жамангулова — соосновательница и CEO, социальный предприниматель. Вести также от Айжан Алишеровой в LinkedIn",,"Основательница вела образовательные инициативы совместно с ЮНИСЕФ и Google. Кейс разобран Американским университетом в Центральной Азии (auca.kg). В каталоге BRICS Women's Business Alliance. В списке топ-стартапов Бишкека на StartupBlink. Денег в открытых источниках не видно — скорее грантовая модель, начинать с маленького объёма"
Dasaran,2 — звёздочка,,D · EdTech,Армения,https://dasaran.am,,"Управление школой, онлайн-обучение, аналитика успеваемости, коммуникация между учениками, родителями, учителями и администрацией","Самая «многоролевая» позиция раздела. Роли подтверждены: ученики, родители, учителя, директора и чиновники Минобразования",Не проверена,1+ млн пользователей — треть населения Армении. 100% государственных школ страны подключены,Не проверено,Армянский и английский,,Suren Aloyan — основатель и CEO. Есть LinkedIn (linkedin.com/in/suren-aloyan) и карточка на Crunchbase. Много интервью про равный доступ к образованию,,"Запущена в 2009. Dasaran — «класс» по-армянски. В 2016 ПРООН назвала их одним из 5 лучших инновационных социальных предприятий мира (Accelerate2030). ДВЕ ОГОВОРКИ: 1) социальное предприятие с разделом donate.dasaran.am — бюджеты скорее грантовые; 2) язык армянский, русский не гарантирован. ВАЖНО: тот же основатель у Koreez — одно письмо может касаться двух продуктов"
Koreez,2 — звёздочка,,D · EdTech,Армения,https://koreez.am,,"Платформа для школьников и студентов: олимпиады, конкурсы, образовательные события. Позиционируют себя как accessible cultural heritage knowledge platform","Слово accessible у них в самопозиционировании. На армянском и английском, готовят западноармянский",Не проверена,Расширяются на школьную сеть AGBU и армянские общины по всему миру,Не проверено,Армянский и английский,,"Suren Aloyan — основатель и CEO. ЭТО ТОТ ЖЕ ЧЕЛОВЕК, ЧТО У DASARAN",,"ПОЛЕЗНАЯ СВЯЗКА: один основатель на два продукта — это сильно повышает ценность контакта. Одно письмо, два возможных проекта"
AIDENTIS,2 — звёздочка,,A · Медтех,Казахстан,https://aidentis.kz,,"ИИ-диагностика стоматологических заболеваний по 2D и 3D снимкам (рентген, КЛКТ)","Просмотрщик 2D и 3D снимков для врача — один из самых сложных типов интерфейса. Плюс внедрение в учебный процесс вузов: значит есть и студенческий, и преподавательский режим",Не проверена,,Не проверено,"Русский и казахский, английский для США",,Asylzat Isatay (сооснователь) и Zhanibek «Jani» Bokayev — у второго активный LinkedIn с развёрнутым описанием,,"Акселератор StartX при Стэнфорде — вместе с Defect AI, TrustExam.ai и Arlan Biotech. Отбор шёл месяцами, с интервью у калифорнийских врачей. Меморандум с Минздравом Казахстана. Первое такое решение, встроенное в медицинское образование РК. Та же оговорка, что у Defect AI: StartX — это деньги и амбиции, дизайнер может быть. Зато и бюджет серьёзнее"
Doctor Yan,2 — звёздочка,,A · Медтех,Армения,https://doctoryan.am,,"Онлайн-запись и цифровизация очередей в клиниках Еревана. 1000+ врачей, отзывы",Админка клиники. Но заходить надо иначе — см. заметки,Не проверена,1000+ врачей разных специальностей,Есть команда,Армянский и английский,,Irina Ghazaryan — соосновательница и CEO. Сооснователь по технической части — Zaven Nagashyan. Есть страница компании в LinkedIn (am.linkedin.com/company/doctor-yan),,"НЕОЖИДАННЫЙ ПОВОРОТ: у CEO бэкграунд в архитектуре и UX-дизайне. Гипотеза «у них нет дизайнера» здесь не работает — дизайнер там генеральный директор. Но это не минус, а другой тип разговора. Человеку из UX не надо объяснять, зачем нужна доступность и почему она стоит денег. Идти не как подрядчик-спасатель, а как узкий специалист по WCAG в помощь существующей команде. Есть второй домен dryan.am с карточками врачей"
CodiPlay,2 — звёздочка,,D · EdTech,Казахстан,https://codiplay.com,,"Обучение детей программированию: приложение CodiPlay (C++, Scratch, Python через аркадные игры), наборы CodiKit, веб-платформа CodiTeach для учителей","Единственная компания в списке, где инклюзия уже в производстве: по сообщению inform.kz наборы CodiKit собирают люди с инвалидностью. Здесь твоя тема не аргумент, а общий язык. Плюс CodiTeach — веб-платформа для учителей, твоя ниша",Не проверена,"Школы в 6 странах: Казахстан, Узбекистан, Южная Корея, Катар, Азербайджан, Индонезия",Не проверено,Русский и казахский,,Жанадил Талдыбаев — основатель и CEO. Есть страница компании в LinkedIn (kz.linkedin.com/company/codiplay). Даёт интервью — доступен,,"Digital Innovation of the Year на PIEoneer Awards 2024 в Лондоне, конкурс из 34 стран. РИСК ПО ДЕНЬГАМ, СВЕЖИЙ: в августе 2026 основатель рассказал digitalbusiness.kz, как не получил обещанные $20 млн — инвестор не выполнил обязательства. Что сейчас с бюджетом — непонятно. Прочитать эту статью целиком до письма"
Med365,2 — звёздочка,,A · Медтех,Казахстан,https://med365.info,,"Автоматизация медосмотров работников: АСМО — терминал с термометром, тонометром, алкотестером и пупиллометром, предсменный осмотр за минуту",B2B-платформа с телеметрией — дашборды по охране труда и кабинеты,Не проверена,"ТОО «MED365», есть в реестре госзакупок РК. Численность не проверена",Не проверено,Русский,,"Основатель — Чингиз (фамилия в источниках не названа), раньше вёл несколько IT-направлений. Искать через карточку резидента Astana Hub",,"Резидент Astana Hub под номером 24 — то есть из самых первых. Есть в реестре госзакупок — работают с госсектором. Сотрудничают с КИОШ, есть грант научного фонда. ПОЧЕМУ НЕ В ПЕРВОЙ ВОСЬМЁРКЕ: компания железная, главный продукт — терминал, а не софт. Дашборды есть, но их объём непонятен. Сначала посмотри продукт, потом решай"
REDMED,2 — звёздочка,,A · Медтех,Грузия,https://redmed.ge,,"Суперапп здоровья: запись, видеоконсультации, лекарства, анализы",Суперапп — много ролей и состояний,Не проверена,,Не проверено,Грузинский и английский. Русский не гарантирован — проверить до письма,,,,"Redmed LLC, Тбилиси. Есть приложение в Google Play (ge.redmed.patient) — компания живая. Карточки на Crunchbase и PitchBook. По данным из поиска привлекли около $5,57 млн, НО к этой цифре отнесись осторожно. ВАЖНО ПРО ПОИСК: «Georgia» в англоязычных источниках — это чаще штат Джорджия, а не Грузия. Половина результатов была про американские компании, и цифра инвестиций может быть чужой. Проверь на Crunchbase прямым глазом. Почему не в восьмёрке: нет ни одного имени основателя в открытом доступе плюс языковой вопрос"
Expper Technologies,2 — звёздочка,,B · Инклюзия,Армения,https://expper.tech,,"Робот-компаньон Robin, снижающий стресс у детей в больницах","Дети, больницы, эмоциональная поддержка. Самое близкое ценностям во всём списке",Не проверена,Привлекли $2 млн seed (со-лид Starta VC). Поддержка из Кремниевой долины и ЕС,Не проверено,Армянский и английский,,"Основатели: Karen Khachikyan, Hayk Khorasanjyan, Davit Martirosyan, Areg Gasparyan",,"Основана 2017–2019. Robin стоит в UCLA Children's Hospital и в стоматологической клинике в США. Пилот на 100+ детях в Wigmore Clinic, Nork Marash Hospital, Avanta Clinics. Свежая пресса: Armenian Mirror-Spectator, 08.09.2026. ЧЕСТНО ПРО НИШУ: это робот. Интерфейс — лицо и голос, а не кабинеты и дашборды. Консоль для персонала клиники, скорее всего, есть, но это догадка. По ценностям да, по нише под вопросом. Для знакомства и сети, не для первого подряда"
CyborgBase,2 — звёздочка,,B · Инклюзия,Казахстан,,Instagram: cyborgbase,"Маркетплейс протезов и комплектующих плюс краудфандинг. Второй продукт — jobs.cyborgbase.ai, ИИ-платформа инклюзивного найма",Платформа для трудоустройства людей с инвалидностью обязана быть доступной по самому своему смыслу. Там твой аргумент не надо продавать вообще,Не проверена,,Не проверено,Русский,,"Мади Жакыпов — CEO и основатель, Алматы. Много интервью — человек открытый и говорящий",,"На платформе ищут протез, протезиста, клинику и способ оплаты. Презентовались на TechCrunch Disrupt 2023 в Сан-Франциско. С Penta Medical Recycling поставили 250+ комплектующих в Казахстан и Танзанию. Идея из 2017, когда сестра супруги основателя потеряла ногу. ДЕНЬГИ — ГЛАВНЫЙ РИСК: по digitalbusiness.kz основатель продал машину и квартиру, чтобы запустить проект. На 1500 € в месяц не рассчитывай. Это заход по ценностям и ради кейса в портфолио, а не ради дохода"
ArtSkin,2 — звёздочка,,B · Инклюзия,Кыргызстан,,LinkedIn: artificialskin,"Нейроинтерфейс, передающий осязание: искусственная кожа для бионических протезов, а также AR/VR, телеробототехника, хирургия, гуманоидные роботы",Ассистивные технологии — стопроцентное попадание в ценности,Не проверена,,Не проверено,Русский и английский,,"Iliias Dzheentaev — CEO и основатель, Madina Sabitqyzy — сооснователь. К ним присоединился Sultan Tukeshov, президент Ассоциации хирургов КР с 20-летним опытом",,"Финалисты TechCrunch Startup Battlefield 2025 — вошли в топ-4 и питчили на главной сцене. ЧЕСТНО ПРО НИШУ: это железо и комплектующие, а не интерфейсы. Ценности да, ниша нет. Для знакомства и отраслевой сети"
TutorLab,2 — звёздочка,,D · EdTech,Азербайджан,https://tutorlab.az,,"Управление учебными центрами: посещаемость, оценки, заметки преподавателей, платежи, уведомления","Система управления, а не витрина курсов: роли, права, состояния, отчёты",Не проверена,,Не проверено,Азербайджанский. Русский не гарантирован — проверить до письма,,"Разработчик — MSOFT-AZ LLC, разработчик Elmir Zahidli",,"Админка подтверждена: kurs.tutorlab.az — отчёты по журналам преподавателей с выгрузкой в Excel, контроль дат оплат, уведомления. Названные клиенты: Roof Academic Training Center, Shane Academy, Edudistance, Lead Education. Есть приложение в Google Play"
reskill,2 — звёздочка,,D · EdTech,Таджикистан,https://re-skill.io,,ИИ-платформа: превращают документы и регламенты компании в готовые курсы с видео и тестами под LMS,Корпоративное обучение — роли и отчётность,Не проверена,,Не проверено,Русский и таджикский,,"Фаррух Умаров — сооснователь, выпускник Оксфорда. Основал также проект Ilmhona",,"Второе место в гранд-финале акселератора A-Hub в Баку, приз $8000. Фигурируют в подборках the-tech.kz. Есть приложение в App Store. ВАЖНОЕ УТОЧНЕНИЕ: статья про таджикский стартап с выручкой $200 000 — это про SmartHub, а не про reskill. Не перепутай при проверке: два разных проекта из Таджикистана с похожим описанием"
CerebraAI,3 — обычная,,A · Медтех,Казахстан,https://cerebraai.ai,,ИИ-диагностика инсультов по КТ-снимкам,"Рабочее место радиолога — сложный интерфейс, где цена ошибки высока",Не подходит,"46 медучреждений, 500+ врачей, 100 000+ проанализированных пациентов. Разработчик — компания Almaty A.I. Lab, в ИИ с 2018",Не проверено,Русский и английский,,,,"СЛИШКОМ БОЛЬШАЯ ДЛЯ ВХОДА СЕЙЧАС. Привлекли $4,1 млн. Отдельно — $1 млн от Тимура Турлова (Freedom Finance), $50 000 от Kazakhstan Digital Accelerator, внимание сингапурского Quest Ventures. Пятилетнее партнёрство с медицинской группой США, работа по Узбекистану и Саудовской Аравии. По сообщениям Forbes.kz ушли из клиник РК и развиваются в США. На $4 млн дизайн-команда почти точно есть, а нанимать будут в штат и в США. Не вычёркивать — вернуться через год с готовым кейсом и CPACC"
Kundelik.kz,3 — обычная,,D · EdTech,Казахстан,https://kundelik.kz,,"Электронный дневник: расписание, оценки, домашние задания, онлайн-уроки, аналитика. Отдельные интерфейсы для учителей, родителей и учеников",По интерфейсу — максимально твой продукт. По входу — нет,Не подходит,Все школы Казахстана,Не проверено,Русский,,,,"КОНФЛИКТ С ТВОИМ ЖЕ КРИТЕРИЕМ. Разработчик — ТОО «Күнделік (Kundelik)», юрлицо казахстанское. НО: владелец Kundelik.kz публично подтвердил, что российский «Дневник.ру» — их соучредитель (интервью informburo.kz). Был скандал с оплатой в рублях. Проект — ГЧП с МОН, по серверам госоператора АО «НИТ». Два стоп-фактора сразу: российский соучредитель при твоём правиле «вне РФ и РБ» и госзакупки вместо нормального найма подрядчика"
Level Zero Health,3 — обычная,,A · Медтех,Азербайджан,https://levelzerohealth.com,,Носимый пластырь для мониторинга гормонов стресса и репродуктивной системы в реальном времени,,Не подходит,"Pre-seed $6,9 млн",Есть команда,Английский,,,,"СТРАНА В СПИСКЕ УКАЗАНА НЕВЕРНО. Это не азербайджанская компания. Азербайджанского происхождения только основательница — Ula Rustamova, ex-Enterprise Tech Lead в Palantir. Второй основатель Irene Jia делала медустройства в Philips. Основана в 2023, базируется в США/Великобритании. Pre-seed $6,9 млн от redalpine, HAX (SOSV), Entrepreneur First. Писал TechCrunch. Западный deep-tech с серьёзными деньгами и английским рабочим языком. Через ТвойСтартап туда не зайти"
Algebras AI,3 — обычная,,D · EdTech,Казахстан,https://algebras.ai,,"Локализация приложений и контента на 322 языка, сильны в Азии и MENA",,Не подходит,Привлекли около $100k,Есть команда,Английский,,Dima Pukhov и Eduard Piliposyan (PhD),,"СТРАНА В СПИСКЕ УКАЗАНА НЕВЕРНО. Не казахстанская компания. Основана в 2024, штаб-квартира в Довере, штат Делавэр, США. Прошли Y Combinator, партия Summer 2025. Инвесторы: 500 Global, IT Park Ventures. После YC компании нанимают в штат и по американским ставкам. Не твой вход сейчас"
ZebraEye,3 — обычная,,A · Медтех,Казахстан,,Instagram: zebraeye.ai,ИИ-диагностика редких глазных заболеваний. Первый продукт — скрининг редкой патологии глаза (FECD),Про зрение — тематически близко доступности,Не подходит,"Обучена на 100 000 снимков, точность 98,8%",Не проверено,Русский и английский,,"Яна Тен — основательница (Алматы, серийный предприниматель). Сооснователи: Досжан Жусупов, Арман Оспанов. Есть LinkedIn компании",,КОМПАНИЯ УШЛА В ДРУГУЮ СТОРОНУ. Проект был приостановлен после пилотов в Казахстане и выхода на Китай. Есть отдельный материал the-tech.kz «Что случилось со стартапом ZebraEye: Яна Тен о кризисе и новом старте». Сейчас возобновились из-за спроса из Китая и участвуют в программе Khan Tengri Innovation Hub в Шанхае. Китайский рынок плюс недавний кризис — не твоя точка входа сейчас. Но история основательницы интересная — стоит прочитать для понимания рынка
MedSoft+,3 — обычная,,A · Медтех,Таджикистан,https://medsoft.plus,,"Заявлено: облачная автоматизация клиник и лабораторий — расписания, очереди, койки, назначения. На сайте — «CRM и автоматизация бизнеса»",,Проверяю,"Не найдено ничего — ни численности, ни команды, ни основателей",Не проверено,,,Ни одного имени в открытых источниках не найдено,,"Сайт medsoft.plus существует, заголовок «MedSoft.Plus — CRM и автоматизация бизнеса». Это всё, что удалось подтвердить. НЕ ПОДТВЕРЖДЕНО НИЧЕГО ИЗ ТОГО, ЗА ЧТО ОНА БЫЛА ПЕРВОЙ В СПИСКЕ — ни Таджикистан, ни лаборатории, ни койки, ни очереди, ни назначения. Ноль прессы, ноль упоминаний в подборках стартапов. ВНИМАНИЕ: название сильно засорено — есть МедСофт (medsoft.su, РФ), medsoft.ru (Тонлайн), конференция MedSoft (medsoft.pro), Medplus.uz. Искать только по точному домену medsoft.plus. ЧТО СДЕЛАТЬ (5 минут): есть ли раздел для клиник и лабораторий или это общая CRM; есть ли юрлицо и в какой стране; есть ли демо или вход в кабинет. Если юрлица вне РФ/РБ нет — по твоим же критериям это отсев"
Qalan,3 — обычная,,D · EdTech,Казахстан,https://qalan.kz,,"Онлайн-тренажёр по математике на казахском и русском: задачи с ИИ-чатботом и живыми учителями, ученикам платят за решённые задачи",,Проверяю,"Более 325 000 пользователей, работают в нескольких странах",Не проверено,Русский и казахский,,Аскар Болат (школьный учитель) и Куаныш Набиев (программист),,"ПРОВЕРЬ ЭТОТ ПУНКТ ПЕРЕД РЕШЕНИЕМ: по сообщению Astana Hub, филиал компании открыт в Иннополисе под Казанью — то есть в России, ради налоговых льгот ОЭЗ. То же столкновение с твоим правилом «вне РФ и РБ», что и у Kundelik, только мягче: там соучредитель, здесь филиал. Решать тебе. Остальное нормально: два названных основателя, 325 000 пользователей"
ZhanCare.AI,3 — обычная,,A · Медтех,Казахстан,,Instagram: zhan.care,"Дистанционное здравоохранение: диагностика, консультации, лекарства",Много ролей — значит много кабинетов,Проверяю,,Не проверено,,,,,"ПРОВЕРЕНО 17.09.2026 — НИЧЕГО НЕ НАШЛОСЬ. Ни прессы, ни основателей, ни карточки на Dealroom, ни упоминаний в подборках, кроме исходной. Из контактов — только Instagram. Вторая после MedSoft+ компания с нулевым следом. Скорее всего — очень ранняя стадия без юрлица и без денег. По твоим критериям отсев, пока не доказано обратное"
Arlan Biotech,3 — обычная,,A · Медтех,Казахстан,,LinkedIn: arlan-biotech,Нанотела с помощью ИИ для диагностики и лечения онкологических и аутоиммунных заболеваний,"Научный интерфейс, сложные данные",Не проверена,Основана в 2021,Не проверено,Русский и английский,,"Болат Султанкулов — основатель и CEO, Даекен Сейткалиев — сооснователь. Оба из Nazarbayev University",,"Привлекли $390 000. Инвесторы включают Mercury Software GmbH; раньше — Фонд соцразвития NU, Young Researchers Alliance, Jas Ventures. Акселератор StartX при Стэнфорде. Ниша сложная: интерфейс для учёных и фармкомпаний, а не кабинеты врача или пациента. Доступность туда продать труднее всего"
Denovo Sciences,3 — обычная,,A · Медтех,Армения,https://denovosciences.ai,,ИИ для разработки лекарств: алгоритмы моделируют химические соединения,Сложные научные данные,Не проверена,,Не проверено,Английский,,"Сооснователи: Hovakim Zakaryan, Vardan Harutyunyan, Mher Matevosyan. На сайте есть страница команды — denovosciences.ai/team",,"Ереван. Карточки на Crunchbase, Dealroom, Gust, в портфеле SASTIC. Компания настоящая. Но ниша та же, что у Arlan Biotech: научный инструмент для химиков, а не многоролевая система. Английский рабочий язык, команда с PhD"
SmarTestPrep,3 — обычная,,D · EdTech,Казахстан,https://smartestprep.com,,"Подготовка к международным экзаменам и поступлению: оценка шансов, стипендии, эссе, заявки, поддержка наставников",,Не проверена,"Основана в 2021, штаб-квартира в Туркестане",Не проверено,Русский и английский,,CCO — Yasmin Doshmanova (представляла компанию на Azerbaijan Investment Summit в Баку),,"Инвесторы: Axiom Capital (Казахстан), StartX (США), ABC Incubation x TCA, Kazakhstan Digital Accelerator, MyVentures. Карточки на PitchBook и e27. Ещё одна компания из орбиты StartX"
Lingwing,3 — обычная,,D · EdTech,Грузия,https://lingwing.com,,"Изучение языков с проверкой произношения, дубляж носителями, умное повторение",,Не проверена,Основана в 2017,Не проверено,Грузинский и английский,,Vato Veliashvili — основатель,,"Есть LinkedIn компании (ge.linkedin.com/company/lingwing), карточки на F6S, Bounce Watch, Seedstars World. Компания настоящая, но это B2C-приложение для изучения языков — витрина, а не многоролевая внутренняя система"
Daryn.online,3 — обычная,,D · EdTech,Казахстан,https://daryn.online,,"Экосистема: курсы, тесты, цифровые дневники, подготовка к ЕНТ и НИШ, платформа для школ и вузов","Много модулей, много состояний",Не проверена,"3,5+ млн пользователей",Есть команда,Русский и казахский,,"Айбек Куатбаев и Нурбакыт Жулдызбайулы — основатели, запустили в 2019",,"Часть Bugin Holding из девяти компаний. ВАЖНО: в холдинг входит Bugin Soft — собственная IT-компания, которая делает сайты и IT-решения для бизнеса. То есть у них есть своя разработка и, скорее всего, свой дизайн. Гипотеза «у них некому» тут не работает. Зато холдинг с девятью компаниями понимает, что за работу платят"
Performance MS,3 — обычная,,D · EdTech,Азербайджан,https://performance.ms,,"Успеваемость, посещаемость, домашние задания, отчёты о прогрессе, связь учителей с родителями",Многоролевая система с отчётностью,Не проверена,,Есть команда,Азербайджанский,,,,"Разработчик — компания Coders Azerbaijan. То есть это не стартап без дизайнера, а продукт разработческой студии — у них свои люди на интерфейс. Есть приложение Performance: Student Community в App Store. Функции подтверждены: оценки с заметками преподавателя, онлайн-уроки, расписание, домашки. Имён основателей не найдено. Студия как клиент бывает хороша — у них поток проектов, но заходить надо как к студии, а не к продукту"
Oxuyan,3 — обычная,,D · EdTech,Азербайджан,https://oxuyan.az,,"Экзамены, тесты, конкурсы, технические собеседования, разбор слабых мест",,Не проверена,По данным Tracxn — первая EdTech-компания Азербайджана в рейтинге,Не проверено,Азербайджанский,,,,"Есть LinkedIn (az.linkedin.com/company/oxuyan), Facebook, X, приложение в Google Play. Пакет приложения com.biatoms.oxuyan — то есть разработано студией BiAtoms. Имён основателей не найдено"
eGundelik,3 — обычная,,D · EdTech,Азербайджан,https://egundelik.az,,"Подготовка абитуриентов, отслеживание учебного процесса, поддержка педагогов и родителей",,Не проверена,,Не проверено,Азербайджанский,,,,"Компания существует: Баку, есть Facebook и карточка в Tracxn среди EdTech-стартапов Азербайджана. Имён основателей и данных о деньгах не найдено"
Med24,3 — обычная,,A · Медтех,Узбекистан,https://med24.uz,,"Каталог клиник, врачей и медуслуг Ташкента: контакты, навигация, фильтры, онлайн-заявки, обратный звонок",,Не проверена,"Основана в 2019, Ташкент",Не проверено,Русский и узбекский,,,,"Компания существует, есть приложение в App Store и Facebook. Но это справочник и каталог — витрина, а не сложная внутренняя система. Имён основателей и данных об инвестициях не найдено"
Medcheck,3 — обычная,,A · Медтех,Кыргызстан,https://medcheck.kg,,"Поиск врачей и клиник, запись, проверка страховки, Medcheck ID",,Не проверена,,Не проверено,Русский,,,,"Бесплатное мобильное приложение для поиска врачей и клиник, есть в App Store. Отдельно: DOQ.kz зашёл на кыргызский рынок под брендом odoctor.kg — то есть в этой нише там конкуренция. Имён основателей и данных о деньгах не найдено"
Hemo labs,3 — обычная,,A · Медтех,Казахстан,https://hemolabs-tech.lovable.app,,"Превращает анализы крови в персональный план: рекомендации, ежегодные чекапы, забор крови на дому","Кабинет пациента, работа с данными",Не проверена,,Не проверено,Русский,,Alua Musralina — основательница (проект фигурирует также как Hemo.ai),,"Есть карточка на Dealroom. Сайт на lovable.app — возможно, очень ранняя стадия. Проверить возраст компании и наличие денег"
Shyraq AI,3 — обычная,,D · EdTech,Казахстан,https://shyraq.ai,,"ИИ для учителей: планы уроков, презентации, интерактивные игры, генерация работ, чат-бот, курсы повышения квалификации",Рабочее место педагога,Не проверена,Инвестиций не привлекали,Не проверено,Русский и казахский,,,,"Есть карточка на Tracxn. Компания существует, но денег нет и имён основателей не найдено — ранняя стадия"
weglobal.ai,3 — обычная,,D · EdTech,Казахстан,https://weglobal.ai,,Профориентация и ИИ-консультант по поступлению для школьников и учебных заведений,,Не проверена,,Не проверено,Русский,,Akzhol Zambayev — есть профиль в LinkedIn,,Есть приложение в Google Play (ai.weglobal.mobile)
Aleem,3 — обычная,,D · EdTech,Казахстан,https://aleem.io,,"Изучение английского с ИИ, виртуальные ИИ-преподаватели",,Не проверена,,Не проверено,,,,,"УТОЧНЕНИЕ ПО ДОМЕНУ: в исходном списке указан aleem.ai, на деле сайт живёт на aleem.io. Есть страница компании в LinkedIn (linkedin.com/company/aleem-app). B2C-приложение — витрина, не твоя ниша"
EduCompass,3 — обычная,,D · EdTech,Узбекистан,https://educompas.uz,,"Маркетплейс курсов: найти, сравнить и записаться",,Не проверена,,Не проверено,Узбекский и русский,,,,"УТОЧНЕНИЕ ПО ДОМЕНУ: в исходном списке educompass.uz с двумя s, на деле educompas.uz с одной. Маркетплейс курсов — витрина, не многоролевая система"
Mirai Tech,2 — звёздочка,,A · Медтех,Казахстан,https://miraitech.kz,,"Умные нано-стельки с сенсорами: считывают походку, осанку, центр тяжести, передают биомеханические данные врачам в реальном времени",Реабилитация и дашборд динамики. Данные передаются врачам в реальном времени — значит есть врачебная панель,Не проверена,Основана в январе 2025 на базе лаборатории микро- и наноинженерии Nazarbayev University. Получили около $90–100 тысяч,Не проверено,Русский и английский,,"Гульнур Калимульдина и Азамат Ешмухаметов — учёные из Nazarbayev University, познакомились в Японии, где защитили PhD",,"Стельки применялись во Второй детской больнице Алматы для наблюдения за пациентами до и после операций — врачи отмечали, что протоколы лечения составлялись быстрее. Контракт с ФК «Иртыш», меморандум с ФК «Астана», пилоты с «Тоболом», Федерациями футбола и триатлона Казахстана, сотрудничество с Ассоциацией футбола Узбекистана. Выиграли региональный этап Startup World Cup. РИСКИ: компании чуть больше года, деньги тонкие (гранты около $100k), команда — учёные, не продуктовые люди. В одном из заголовков Ешмухаметов упоминается как ex-CTO — проверь, кто сейчас в команде"
Ekimo,2 — звёздочка,,A · Медтех,Грузия,https://ekimo.ge,,"Объединяет врачей, клиники, лаборатории и аптеки в одну сеть: телемедицина, запись, анализы на дому, электронная аптека, е-документы","Есть отдельное приложение для врачей — EKIMO Doctors App: врач ведёт пациентов удалённо,гибкий график, оплата за услуги. Это врачебный кабинет прямым текстом",Не проверена,22 сотрудника по данным на июль 2024. Финансирования не привлекали,Не проверено,Грузинский и английский. Русский не гарантирован,,"По The Org — CEO Levan Danelia, по другому источнику — Irakli Mirzikashvili. Данные расходятся, уточнить. Есть LinkedIn (ge.linkedin.com/company/ekimotech)",,"Основана в 2018, Тбилиси. Есть приложение в Google Play (com.vabaco.ekimo), Facebook, карточки на ZoomInfo, The Org, Tracxn. 22 человека и без внешних денег — значит выросли на свои и дизайнера почти наверняка нет. Но и бюджет тонкий: заходить с маленьким пробным объёмом"
Onlayn Hamshira,2 — звёздочка,,A · Медтех,Узбекистан,https://onlaynhamshira.uz,,"Медуслуги на дому: вызов лицензированной медсестры для уколов, капельниц, ухода. Работает как такси — соединяет пациентов и медсестёр 24/7","Аудитория — пожилые, маломобильные, беременные, хронические больные, пациенты на реабилитации. Доступность тут не абстрактная, а буквально суть сервиса. Плюс два приложения: клиентское и для специалистов",Не проверена,"Проект основан в 2021. ООО (MCHJ) «ONLAYN HAMSHIRA», 150+ специалистов",Не проверено,"Узбекский и русский, есть англоязычная версия сайта",,Имён основателей в открытых источниках не нашлось — искать через сайт и LinkedIn,,"Два отдельных приложения в Google Play и App Store: клиентское (uz.teamwork.onlinehamshiraclient) и для специалистов (uz.teamwork.onlinehamshiramutaxassis). Есть раздел для экспертов — onlaynhamshira.uz/expert. Номинанты We Are Together Prize. Получили компенсацию расходов на патент по государственной программе Digital Startups. Двусторонний маркетплейс — значит есть и админка, и кабинет исполнителя"
AIxSCAN,3 — обычная,,A · Медтех,Казахстан,https://aixscan.com,,"Томосинтезный рентген с автоматическими отчётами: цифровая рентгенография, КТ и функции радиолога в одном устройстве",,Не проверена,,Не проверено,,,,,"ПРОВЕРЕНО 17.09.2026: кроме абзаца в исходной подборке the-tech.kz не нашлось ничего — ни основателей, ни денег, ни клиентов. Категория MedSoft+: сначала убедись, что предмет разговора существует"
iDoctor,3 — обычная,,A · Медтех,Казахстан,https://idoctor.kz,,"Агрегатор медуслуг, онлайн-консультации",,Не проверена,,Не проверено,,,,,"ПРОВЕРЕНО 17.09.2026: кроме абзаца в исходной подборке the-tech.kz не нашлось ничего — ни основателей, ни денег, ни клиентов. Категория MedSoft+: сначала убедись, что предмет разговора существует"
Tsamali.ge,3 — обычная,,A · Медтех,Грузия,https://tsamali.ge,,Поиск медикаментов по аптекам с ценами в реальном времени,,Не проверена,,Не проверено,,,,,"ПРОВЕРЕНО 17.09.2026: кроме абзаца в исходной подборке the-tech.kz не нашлось ничего — ни основателей, ни денег, ни клиентов. Категория MedSoft+: сначала убедись, что предмет разговора существует"
HiDoctor,3 — обычная,,A · Медтех,Кыргызстан,,Instagram: hidoctor_ai,"Автоматизация рутины врача, оформление документации",,Не проверена,,Не проверено,,,,,"ПРОВЕРЕНО 17.09.2026: кроме абзаца в исходной подборке the-tech.kz не нашлось ничего — ни основателей, ни денег, ни клиентов. Категория MedSoft+: сначала убедись, что предмет разговора существует"
Medevery,3 — обычная,,A · Медтех,Узбекистан,,Instagram: medevery,Маркетплейс медоборудования для клиник и поставщиков,,Не проверена,,Не проверено,,,,,"ПРОВЕРЕНО 17.09.2026: кроме абзаца в исходной подборке the-tech.kz не нашлось ничего — ни основателей, ни денег, ни клиентов. Категория MedSoft+: сначала убедись, что предмет разговора существует"
Mobil Klinika,3 — обычная,,A · Медтех,Азербайджан,,LinkedIn: mobilklinika,"Дистанционные консультации: видео, чат, голосовые, передача анализов",,Не проверена,,Не проверено,,,,,"ПРОВЕРЕНО 17.09.2026: кроме абзаца в исходной подборке the-tech.kz не нашлось ничего — ни основателей, ни денег, ни клиентов. Категория MedSoft+: сначала убедись, что предмет разговора существует"
Aptekonline,3 — обычная,,A · Медтех,Азербайджан,https://aptekonline.az,,"Заказ лекарств с доставкой по Баку, поиск по названию и штрихкоду, покупка по рецепту",,Не проверена,,Не проверено,,,,,"ПРОВЕРЕНО 17.09.2026: кроме абзаца в исходной подборке the-tech.kz не нашлось ничего — ни основателей, ни денег, ни клиентов. Категория MedSoft+: сначала убедись, что предмет разговора существует"
Repetino,3 — обычная,,D · EdTech,Казахстан,https://repetino.kz,,"Маркетплейс репетиторов: выбор, расписание, оплата, материалы",,Не проверена,,Не проверено,,,,,"ПРОВЕРЕНО 17.09.2026: кроме абзаца в исходной подборке the-tech.kz не нашлось ничего — ни основателей, ни денег, ни клиентов. Категория MedSoft+: сначала убедись, что предмет разговора существует"
FlashLabs.ai,3 — обычная,,D · EdTech,Армения,https://flashlabs.ai,,Геймификация обучения,,Не проверена,,Не проверено,,,,,"ПРОВЕРЕНО 17.09.2026: кроме абзаца в исходной подборке the-tech.kz не нашлось ничего — ни основателей, ни денег, ни клиентов. Категория MedSoft+: сначала убедись, что предмет разговора существует"
StarShip Armenia,3 — обычная,,D · EdTech,Армения,,LinkedIn: starship-armenia-2024,Помогает студентам находить стипендии и гранты,,Не проверена,,Не проверено,,,,,"ПРОВЕРЕНО 17.09.2026: кроме абзаца в исходной подборке the-tech.kz не нашлось ничего — ни основателей, ни денег, ни клиентов. Категория MedSoft+: сначала убедись, что предмет разговора существует"
Kings Georgia,3 — обычная,,D · EdTech,Грузия,https://kings.ge,,"Национальные и международные олимпиады: регистрация, профили участников, результаты",,Не проверена,,Не проверено,,,,,"ПРОВЕРЕНО 17.09.2026: кроме абзаца в исходной подборке the-tech.kz не нашлось ничего — ни основателей, ни денег, ни клиентов. Категория MedSoft+: сначала убедись, что предмет разговора существует"
Academy of Digital Industries,3 — обычная,,D · EdTech,Грузия,https://digitaledu.ge,,"Курсы по цифровым профессиям, онлайн и офлайн, менторская поддержка",,Не проверена,,Не проверено,,,,,"ПРОВЕРЕНО 17.09.2026: кроме абзаца в исходной подборке the-tech.kz не нашлось ничего — ни основателей, ни денег, ни клиентов. Категория MedSoft+: сначала убедись, что предмет разговора существует"
Smart Academy,3 — обычная,,D · EdTech,Грузия,https://smartacademy.ge,,"Курсы по IT, дизайну, маркетингу, управлению",,Не проверена,,Не проверено,,,,,"ПРОВЕРЕНО 17.09.2026: кроме абзаца в исходной подборке the-tech.kz не нашлось ничего — ни основателей, ни денег, ни клиентов. Категория MedSoft+: сначала убедись, что предмет разговора существует"
Docplanner,3 — обычная,,C · Польша,Польша,https://docplanner.com,,"Крупнейший польский медтех, маркетплейс врачей плюс SaaS для управления практикой",,Не проверена,,Не проверено,Польский / английский,,,,Варшава. Разведка и подписка на вакансии. Не источник дохода сейчас
Infermedica,3 — обычная,,C · Польша,Польша,https://infermedica.com,,Системы предварительной диагностики и маршрутизации пациентов,,Не проверена,,Не проверено,Польский / английский,,,,Вроцлав. Разведка и подписка на вакансии. Не источник дохода сейчас
Jutro Medical,3 — обычная,,C · Польша,Польша,https://jutromedical.com,,Первичная помощь: телемедицина плюс физические клиники,,Не проверена,,Не проверено,Польский / английский,,,,Варшава. Разведка и подписка на вакансии. Не источник дохода сейчас
uPacjenta,3 — обычная,,C · Польша,Польша,https://upacjenta.pl,,Анализы на дому,,Не проверена,,Не проверено,Польский / английский,,,,Варшава. Разведка и подписка на вакансии. Не источник дохода сейчас
Holi,3 — обычная,,C · Польша,Польша,,Искать по названию,"Лечение ожирения и метаболических нарушений: мониторинг, рецепты, обучение",,Не проверена,,Не проверено,Польский / английский,,,,Город не указан. Разведка и подписка на вакансии. Не источник дохода сейчас
Mindgram,3 — обычная,,C · Польша,Польша,https://mindgram.com,,Платформа ментального здоровья для компаний,,Не проверена,,Не проверено,Польский / английский,,,,Варшава. Разведка и подписка на вакансии. Не источник дохода сейчас
StethoMe,3 — обычная,,C · Польша,Польша,https://stethome.com,,ИИ-стетоскоп,,Не проверена,,Не проверено,Польский / английский,,,,Познань. Разведка и подписка на вакансии. Не источник дохода сейчас
FindAir,3 — обычная,,C · Польша,Польша,,Искать по названию,Управление астмой,,Не проверена,,Не проверено,Польский / английский,,,,Город не указан. Разведка и подписка на вакансии. Не источник дохода сейчас
Sundose,3 — обычная,,C · Польша,Польша,,Искать по названию,Персонализированные добавки,,Не проверена,,Не проверено,Польский / английский,,,,Город не указан. Разведка и подписка на вакансии. Не источник дохода сейчас
Symptomate,3 — обычная,,C · Польша,Польша,,Искать по названию,Проверка симптомов,,Не проверена,,Не проверено,Польский / английский,,,,Вроцлав. Разведка и подписка на вакансии. Не источник дохода сейчас
CliniNote,3 — обычная,,C · Польша,Польша,,Искать по названию,Документация для клиник,Документация клиники — внутренняя система,Не проверена,,Не проверено,Польский / английский,,,,Город не указан. Разведка и подписка на вакансии. Не источник дохода сейчас
MIM Fertility,3 — обычная,,C · Польша,Польша,,Искать по названию,"Репродуктивная медицина, выросла из мехмата Варшавского университета",,Не проверена,,Не проверено,Польский / английский,,,,Варшава. Разведка и подписка на вакансии. Не источник дохода сейчас
Consonance,3 — обычная,,C · Польша,Польша,,Искать по названию,"Разработка медицинских устройств под ключ, включая дизайн","Студия-подрядчик, а не продукт. У таких поток проектов — часто лучший тип клиента",Не проверена,,Есть команда,Польский / английский,,,,"Город не указан. Разведка и подписка на вакансии. Не источник дохода сейчас. Делают дизайн сами — значит идти не «у вас нет дизайнера», а «вам нужен человек по доступности»"
